9.27.2021,"We are Open creative-community.space",#,topics
9.27.2021,"We are Open creative-community.space",#,topics
9.27.2021,"We are Open creative-community.space",#,topics
9.27.2021,"We are Open creative-community.space",#,topics
9.27.2021,"We are Open creative-community.space",#,topics
9.27.2021,"We are Open creative-community.space",#,topics
9.27.2021,"We are Open creative-community.space",#,topics
9.27.2021,"We are Open creative-community.space",#,topics
9.27.2021,"We are Open creative-community.space",#,topics
9.27.2021,"We are Open creative-community.space",#,topics
9.27.2021,"We are Open creative-community.space",#,topics
9.27.2021,"We are Open creative-community.space",#,topics
9.27.2021,"We are Open creative-community.space",#,topics
9.27.2021,"We are Open creative-community.space",#,topics
9.27.2021,"We are Open creative-community.space",#,topics
9.27.2021,"We are Open creative-community.space",#,topics
